{
  "products": [
    {
      "id": "2",
      "name": "Dr. Tiffany O'Kon",
      "avatar": "/images/cute.jpg",
      "price": "620.00",
      "quantity": 15
    },
    {
      "id": "6",
      "name": "Hester Abshire",
      "avatar": "/images/diu.jpg",
      "price": "937.00",
      "quantity": 66
    },
    {
      "id": "7",
      "name": "Afton Howe",
      "avatar": "/images/diu.jpg",
      "price": "330.00",
      "quantity": 76
    },
    {
      "id": "8",
      "name": "Lilyan Thiel",
      "avatar": "/images/diu.jpg",
      "price": "551.00",
      "quantity": 5
    },
    {
      "id": "9",
      "name": "Karl Heidenreich",
      "avatar": "/images/diu.jpg",
      "price": "64.00",
      "quantity": 53
    },
    {
      "name": "Cute Nhat Hanh Tinh",
      "avatar": "/images/cute.jpg",
      "price": "120000",
      "quantity": "2",
      "id": "-80aIcv"
    },
    {
      "name": "shut",
      "avatar": "/images/hai.JPG",
      "price": "20000",
      "quantity": "3",
      "id": "S0JpEC3"
    },
    {
      "name": "Diu Xinh Dep",
      "avatar": "/images/hai.JPG",
      "price": "340000",
      "quantity": "100",
      "id": "MxyqIqo"
    }
  ],
  "users": [
    {
      "id": "1",
      "username": "diu.hoang",
      "avatar": "/images/hai.JPG",
      "email": "diuhoang2018@gmail.com",
      "phone_number": "0931378560",
      "address": "Quang Binh",
      "password": "diuhoang2003"
    },
    {
      "username": "user",
      "avatar": "/images/cute.jpg",
      "email": "diuhoang2018@gmail.com",
      "phone_number": "0395587260",
      "address": "",
      "password": "user",
      "id": "l_w_HmL"
    }
  ]
}